{"cameraMode":{"drawMode":0,"name":"Shaded","section":"Shading Mode"},"sceneLighting":true,"audioPlay":false,"sceneViewState":{"m_AlwaysRefresh":false,"showFog":true,"showSkybox":true,"showFlares":true,"showImageEffects":true,"showParticleSystems":true,"showVisualEffectGraphs":true,"m_FxEnabled":true},"in2DMode":false,"pivot":{"x":-11.297920227050782,"y":10.093561172485352,"z":11.533825874328614},"rotation":{"x":0.026289351284503938,"y":0.8212524056434631,"z":0.037961382418870929,"w":-0.5687471628189087},"size":33.09695816040039,"orthographic":false}